﻿<?xml version="1.1" encoding="UTF-8" standalone="yes"?>
<addon id="repository.ike" name="[COLOR gold][B]Ike.Vip[/B][/COLOR]" version="0.7" provider-name="[COLOR lime][B]IKE[/B][/COLOR]">
	<extension point="xbmc.addon.repository" name="repository.IKE">
		<info compressed="false">https://raw.githubusercontent.com/upaupa12/upaupa/master/addons.xml</info>
		<checksum>https://raw.githubusercontent.com/upaupa12/upaupa/master/addons.xml.md5</checksum>
		<datadir zip="true">https://raw.githubusercontent.com/upaupa12/upaupa/master/repo/</datadir>
	</extension>
	<extension point="xbmc.addon.metadata">
		<summary>[COLOR blue][B]IkeVip.Repo[/B][/COLOR]</summary>
		<description>[COLOR red][B]Ikevip.Repo[/B][/COLOR]</description>
		<disclaimer></disclaimer>
		<platform>all</platform>
	</extension>
</addon>